schema_version,artifact_status,coordinate_space,proposal_basis,selected_golden_frame_id,selected_golden_sha256,selected_golden_observation_present,board_id,side,designator,designator_source,class_label,center_x_px,center_y_px,x1_px,y1_px,x2_px,y2_px,rotation_deg,footprint,observation_count,frame_count,support_ratio,class_purity,center_mad_px,median_confidence,consensus_status,review_status,review_reasons,class_counts_json,frame_ids_json
aoi-pnp-pixels-review-draft/1.0,NEEDS_REVIEW,golden_board_pixels,median_consensus_cluster_with_selected_golden_observation,mpi_pcb_train_good_0893.jpg,10c5b91aa967ca44a1a576c8ecf0e8a127305be8c34e586d6e040bafda7789f4,true,mpi_pcb_gas_pump,top,U_AUTO_0001,synthetic_auto,ic,1643.148254,463.024200,1389.305786,380.907227,1892.667114,545.582153,,,7,30,0.233333,1.000000,9.004998,0.536405,NEEDS_REVIEW,NEEDS_REVIEW,synthetic_auto_designator;rotation_not_estimated;footprint_unknown;selected_golden_presence_not_identity_verification;low_support,"{""ic"": 7}","[""mpi_pcb_train_good_0605.jpg"", ""mpi_pcb_train_good_0676.jpg"", ""mpi_pcb_train_good_0781.jpg"", ""mpi_pcb_train_good_0893.jpg"", ""mpi_pcb_train_good_0937.jpg"", ""mpi_pcb_train_good_1090.jpg"", ""mpi_pcb_train_good_1287.jpg""]"
aoi-pnp-pixels-review-draft/1.0,NEEDS_REVIEW,golden_board_pixels,median_consensus_cluster_with_selected_golden_observation,mpi_pcb_train_good_0893.jpg,10c5b91aa967ca44a1a576c8ecf0e8a127305be8c34e586d6e040bafda7789f4,true,mpi_pcb_gas_pump,top,J_AUTO_0006,synthetic_auto,connector,354.307974,473.762527,107.963997,404.969513,608.782349,542.555542,,,4,30,0.133333,1.000000,6.639119,0.295466,NEEDS_REVIEW,NEEDS_REVIEW,synthetic_auto_designator;rotation_not_estimated;footprint_unknown;selected_golden_presence_not_identity_verification;low_support,"{""connector"": 4}","[""mpi_pcb_train_good_0676.jpg"", ""mpi_pcb_train_good_0893.jpg"", ""mpi_pcb_train_good_1060.jpg"", ""mpi_pcb_train_good_1322.jpg""]"
aoi-pnp-pixels-review-draft/1.0,NEEDS_REVIEW,golden_board_pixels,median_consensus_cluster_with_selected_golden_observation,mpi_pcb_train_good_0893.jpg,10c5b91aa967ca44a1a576c8ecf0e8a127305be8c34e586d6e040bafda7789f4,true,mpi_pcb_gas_pump,top,U_AUTO_0006,synthetic_auto,ic,2294.620361,479.516266,2033.571167,398.178925,2558.257568,558.752136,,,15,30,0.500000,1.000000,8.346797,0.531453,NEEDS_REVIEW,NEEDS_REVIEW,synthetic_auto_designator;rotation_not_estimated;footprint_unknown;selected_golden_presence_not_identity_verification;low_support,"{""ic"": 15}","[""mpi_pcb_train_good_0040.jpg"", ""mpi_pcb_train_good_0309.jpg"", ""mpi_pcb_train_good_0359.jpg"", ""mpi_pcb_train_good_0465.jpg"", ""mpi_pcb_train_good_0522.jpg"", ""mpi_pcb_train_good_0629.jpg"", ""mpi_pcb_train_good_0893.jpg"", ""mpi_pcb_train_good_1163.jpg"", ""mpi_pcb_train_good_1195.jpg"", ""mpi_pcb_train_good_1322.jpg"", ""mpi_pcb_train_good_1386.jpg"", ""mpi_pcb_train_good_1418.jpg"", ""mpi_pcb_train_good_1505.jpg"", ""mpi_pcb_train_good_1553.jpg"", ""mpi_pcb_train_good_1664.jpg""]"
aoi-pnp-pixels-review-draft/1.0,NEEDS_REVIEW,golden_board_pixels,median_consensus_cluster_with_selected_golden_observation,mpi_pcb_train_good_0893.jpg,10c5b91aa967ca44a1a576c8ecf0e8a127305be8c34e586d6e040bafda7789f4,true,mpi_pcb_gas_pump,top,U_AUTO_0008,synthetic_auto,ic,1037.972321,484.740616,773.136719,408.763550,1298.322998,563.138855,,,11,30,0.366667,1.000000,9.124650,0.616884,NEEDS_REVIEW,NEEDS_REVIEW,synthetic_auto_designator;rotation_not_estimated;footprint_unknown;selected_golden_presence_not_identity_verification;low_support,"{""ic"": 11}","[""mpi_pcb_train_good_0040.jpg"", ""mpi_pcb_train_good_0309.jpg"", ""mpi_pcb_train_good_0359.jpg"", ""mpi_pcb_train_good_0465.jpg"", ""mpi_pcb_train_good_0522.jpg"", ""mpi_pcb_train_good_0629.jpg"", ""mpi_pcb_train_good_0893.jpg"", ""mpi_pcb_train_good_1163.jpg"", ""mpi_pcb_train_good_1195.jpg"", ""mpi_pcb_train_good_1386.jpg"", ""mpi_pcb_train_good_1418.jpg""]"
aoi-pnp-pixels-review-draft/1.0,NEEDS_REVIEW,golden_board_pixels,median_consensus_cluster_with_selected_golden_observation,mpi_pcb_train_good_0893.jpg,10c5b91aa967ca44a1a576c8ecf0e8a127305be8c34e586d6e040bafda7789f4,true,mpi_pcb_gas_pump,top,U_AUTO_0013,synthetic_auto,ic,2974.115234,752.570526,2720.489746,675.299652,3233.460938,830.564484,,,18,30,0.600000,1.000000,8.075611,0.751258,NEEDS_REVIEW,NEEDS_REVIEW,synthetic_auto_designator;rotation_not_estimated;footprint_unknown;selected_golden_presence_not_identity_verification;low_support,"{""ic"": 18}","[""mpi_pcb_train_good_0123.jpg"", ""mpi_pcb_train_good_0189.jpg"", ""mpi_pcb_train_good_0418.jpg"", ""mpi_pcb_train_good_0522.jpg"", ""mpi_pcb_train_good_0629.jpg"", ""mpi_pcb_train_good_0676.jpg"", ""mpi_pcb_train_good_0781.jpg"", ""mpi_pcb_train_good_0812.jpg"", ""mpi_pcb_train_good_0893.jpg"", ""mpi_pcb_train_good_1000.jpg"", ""mpi_pcb_train_good_1090.jpg"", ""mpi_pcb_train_good_1163.jpg"", ""mpi_pcb_train_good_1195.jpg"", ""mpi_pcb_train_good_1287.jpg"", ""mpi_pcb_train_good_1322.jpg"", ""mpi_pcb_train_good_1386.jpg"", ""mpi_pcb_train_good_1505.jpg"", ""mpi_pcb_train_good_1664.jpg""]"
aoi-pnp-pixels-review-draft/1.0,NEEDS_REVIEW,golden_board_pixels,median_consensus_cluster_with_selected_golden_observation,mpi_pcb_train_good_0893.jpg,10c5b91aa967ca44a1a576c8ecf0e8a127305be8c34e586d6e040bafda7789f4,true,mpi_pcb_gas_pump,top,U_AUTO_0014,synthetic_auto,ic,1668.912109,753.068604,1410.497375,676.849335,1928.935059,830.183868,,,10,30,0.333333,1.000000,5.843657,0.766209,NEEDS_REVIEW,NEEDS_REVIEW,synthetic_auto_designator;rotation_not_estimated;footprint_unknown;selected_golden_presence_not_identity_verification;low_support,"{""ic"": 10}","[""mpi_pcb_train_good_0189.jpg"", ""mpi_pcb_train_good_0418.jpg"", ""mpi_pcb_train_good_0522.jpg"", ""mpi_pcb_train_good_0629.jpg"", ""mpi_pcb_train_good_0893.jpg"", ""mpi_pcb_train_good_1163.jpg"", ""mpi_pcb_train_good_1195.jpg"", ""mpi_pcb_train_good_1322.jpg"", ""mpi_pcb_train_good_1386.jpg"", ""mpi_pcb_train_good_1418.jpg""]"
aoi-pnp-pixels-review-draft/1.0,NEEDS_REVIEW,golden_board_pixels,median_consensus_cluster_with_selected_golden_observation,mpi_pcb_train_good_0893.jpg,10c5b91aa967ca44a1a576c8ecf0e8a127305be8c34e586d6e040bafda7789f4,true,mpi_pcb_gas_pump,top,U_AUTO_0015,synthetic_auto,ic,330.946501,753.373123,71.360989,678.519531,589.681793,831.238922,,,8,30,0.266667,1.000000,7.240668,0.524811,NEEDS_REVIEW,NEEDS_REVIEW,synthetic_auto_designator;rotation_not_estimated;footprint_unknown;selected_golden_presence_not_identity_verification;low_support,"{""ic"": 8}","[""mpi_pcb_train_good_0245.jpg"", ""mpi_pcb_train_good_0781.jpg"", ""mpi_pcb_train_good_0893.jpg"", ""mpi_pcb_train_good_0937.jpg"", ""mpi_pcb_train_good_1060.jpg"", ""mpi_pcb_train_good_1163.jpg"", ""mpi_pcb_train_good_1322.jpg"", ""mpi_pcb_train_good_1664.jpg""]"
aoi-pnp-pixels-review-draft/1.0,NEEDS_REVIEW,golden_board_pixels,median_consensus_cluster_with_selected_golden_observation,mpi_pcb_train_good_0893.jpg,10c5b91aa967ca44a1a576c8ecf0e8a127305be8c34e586d6e040bafda7789f4,true,mpi_pcb_gas_pump,top,U_AUTO_0016,synthetic_auto,ic,2283.302887,754.898682,2025.441345,674.964508,2543.068115,835.667908,,,28,30,0.933333,1.000000,9.506948,0.756436,CONSENSUS,NEEDS_REVIEW,synthetic_auto_designator;rotation_not_estimated;footprint_unknown;selected_golden_presence_not_identity_verification,"{""ic"": 28}","[""mpi_pcb_train_good_0040.jpg"", ""mpi_pcb_train_good_0062.jpg"", ""mpi_pcb_train_good_0123.jpg"", ""mpi_pcb_train_good_0189.jpg"", ""mpi_pcb_train_good_0245.jpg"", ""mpi_pcb_train_good_0309.jpg"", ""mpi_pcb_train_good_0418.jpg"", ""mpi_pcb_train_good_0465.jpg"", ""mpi_pcb_train_good_0522.jpg"", ""mpi_pcb_train_good_0605.jpg"", ""mpi_pcb_train_good_0629.jpg"", ""mpi_pcb_train_good_0676.jpg"", ""mpi_pcb_train_good_0781.jpg"", ""mpi_pcb_train_good_0812.jpg"", ""mpi_pcb_train_good_0893.jpg"", ""mpi_pcb_train_good_0937.jpg"", ""mpi_pcb_train_good_1000.jpg"", ""mpi_pcb_train_good_1060.jpg"", ""mpi_pcb_train_good_1090.jpg"", ""mpi_pcb_train_good_1163.jpg"", ""mpi_pcb_train_good_1195.jpg"", ""mpi_pcb_train_good_1287.jpg"", ""mpi_pcb_train_good_1322.jpg"", ""mpi_pcb_train_good_1386.jpg"", ""mpi_pcb_train_good_1505.jpg"", ""mpi_pcb_train_good_1553.jpg"", ""mpi_pcb_train_good_1584.jpg"", ""mpi_pcb_train_good_1664.jpg""]"
aoi-pnp-pixels-review-draft/1.0,NEEDS_REVIEW,golden_board_pixels,median_consensus_cluster_with_selected_golden_observation,mpi_pcb_train_good_0893.jpg,10c5b91aa967ca44a1a576c8ecf0e8a127305be8c34e586d6e040bafda7789f4,true,mpi_pcb_gas_pump,top,U_AUTO_0017,synthetic_auto,ic,1026.138016,755.930206,766.081360,681.772888,1287.354858,834.954865,,,24,30,0.800000,1.000000,10.535282,0.755492,CONSENSUS,NEEDS_REVIEW,synthetic_auto_designator;rotation_not_estimated;footprint_unknown;selected_golden_presence_not_identity_verification,"{""ic"": 24}","[""mpi_pcb_train_good_0040.jpg"", ""mpi_pcb_train_good_0062.jpg"", ""mpi_pcb_train_good_0123.jpg"", ""mpi_pcb_train_good_0189.jpg"", ""mpi_pcb_train_good_0309.jpg"", ""mpi_pcb_train_good_0359.jpg"", ""mpi_pcb_train_good_0418.jpg"", ""mpi_pcb_train_good_0465.jpg"", ""mpi_pcb_train_good_0522.jpg"", ""mpi_pcb_train_good_0605.jpg"", ""mpi_pcb_train_good_0629.jpg"", ""mpi_pcb_train_good_0812.jpg"", ""mpi_pcb_train_good_0893.jpg"", ""mpi_pcb_train_good_1000.jpg"", ""mpi_pcb_train_good_1060.jpg"", ""mpi_pcb_train_good_1163.jpg"", ""mpi_pcb_train_good_1195.jpg"", ""mpi_pcb_train_good_1322.jpg"", ""mpi_pcb_train_good_1386.jpg"", ""mpi_pcb_train_good_1418.jpg"", ""mpi_pcb_train_good_1505.jpg"", ""mpi_pcb_train_good_1553.jpg"", ""mpi_pcb_train_good_1584.jpg"", ""mpi_pcb_train_good_1664.jpg""]"
aoi-pnp-pixels-review-draft/1.0,NEEDS_REVIEW,golden_board_pixels,median_consensus_cluster_with_selected_golden_observation,mpi_pcb_train_good_0893.jpg,10c5b91aa967ca44a1a576c8ecf0e8a127305be8c34e586d6e040bafda7789f4,true,mpi_pcb_gas_pump,top,U_AUTO_0024,synthetic_auto,ic,2287.718079,1028.629272,2045.257935,955.390381,2530.178223,1104.795654,,,17,30,0.566667,1.000000,8.406010,0.772333,NEEDS_REVIEW,NEEDS_REVIEW,synthetic_auto_designator;rotation_not_estimated;footprint_unknown;selected_golden_presence_not_identity_verification;low_support,"{""ic"": 17}","[""mpi_pcb_train_good_0123.jpg"", ""mpi_pcb_train_good_0245.jpg"", ""mpi_pcb_train_good_0309.jpg"", ""mpi_pcb_train_good_0465.jpg"", ""mpi_pcb_train_good_0605.jpg"", ""mpi_pcb_train_good_0676.jpg"", ""mpi_pcb_train_good_0781.jpg"", ""mpi_pcb_train_good_0812.jpg"", ""mpi_pcb_train_good_0893.jpg"", ""mpi_pcb_train_good_0937.jpg"", ""mpi_pcb_train_good_1060.jpg"", ""mpi_pcb_train_good_1090.jpg"", ""mpi_pcb_train_good_1287.jpg"", ""mpi_pcb_train_good_1386.jpg"", ""mpi_pcb_train_good_1505.jpg"", ""mpi_pcb_train_good_1553.jpg"", ""mpi_pcb_train_good_1584.jpg""]"
aoi-pnp-pixels-review-draft/1.0,NEEDS_REVIEW,golden_board_pixels,median_consensus_cluster_with_selected_golden_observation,mpi_pcb_train_good_0893.jpg,10c5b91aa967ca44a1a576c8ecf0e8a127305be8c34e586d6e040bafda7789f4,true,mpi_pcb_gas_pump,top,U_AUTO_0028,synthetic_auto,ic,2956.547241,1037.654495,2697.162231,964.581573,3218.518066,1110.727417,,,10,30,0.333333,1.000000,10.340508,0.747171,NEEDS_REVIEW,NEEDS_REVIEW,synthetic_auto_designator;rotation_not_estimated;footprint_unknown;selected_golden_presence_not_identity_verification;low_support,"{""ic"": 10}","[""mpi_pcb_train_good_0040.jpg"", ""mpi_pcb_train_good_0062.jpg"", ""mpi_pcb_train_good_0123.jpg"", ""mpi_pcb_train_good_0245.jpg"", ""mpi_pcb_train_good_0359.jpg"", ""mpi_pcb_train_good_0465.jpg"", ""mpi_pcb_train_good_0893.jpg"", ""mpi_pcb_train_good_1060.jpg"", ""mpi_pcb_train_good_1386.jpg"", ""mpi_pcb_train_good_1664.jpg""]"
aoi-pnp-pixels-review-draft/1.0,NEEDS_REVIEW,golden_board_pixels,median_consensus_cluster_with_selected_golden_observation,mpi_pcb_train_good_0893.jpg,10c5b91aa967ca44a1a576c8ecf0e8a127305be8c34e586d6e040bafda7789f4,true,mpi_pcb_gas_pump,top,U_AUTO_0029,synthetic_auto,ic,1610.072449,1041.415604,1280.915771,958.239929,1939.525085,1121.125977,,,20,30,0.666667,1.000000,9.994915,0.757006,NEEDS_REVIEW,NEEDS_REVIEW,synthetic_auto_designator;rotation_not_estimated;footprint_unknown;selected_golden_presence_not_identity_verification;low_support,"{""ic"": 20}","[""mpi_pcb_train_good_0040.jpg"", ""mpi_pcb_train_good_0062.jpg"", ""mpi_pcb_train_good_0189.jpg"", ""mpi_pcb_train_good_0245.jpg"", ""mpi_pcb_train_good_0309.jpg"", ""mpi_pcb_train_good_0359.jpg"", ""mpi_pcb_train_good_0418.jpg"", ""mpi_pcb_train_good_0522.jpg"", ""mpi_pcb_train_good_0605.jpg"", ""mpi_pcb_train_good_0629.jpg"", ""mpi_pcb_train_good_0812.jpg"", ""mpi_pcb_train_good_0893.jpg"", ""mpi_pcb_train_good_1000.jpg"", ""mpi_pcb_train_good_1163.jpg"", ""mpi_pcb_train_good_1195.jpg"", ""mpi_pcb_train_good_1322.jpg"", ""mpi_pcb_train_good_1386.jpg"", ""mpi_pcb_train_good_1418.jpg"", ""mpi_pcb_train_good_1505.jpg"", ""mpi_pcb_train_good_1553.jpg""]"
aoi-pnp-pixels-review-draft/1.0,NEEDS_REVIEW,golden_board_pixels,median_consensus_cluster_with_selected_golden_observation,mpi_pcb_train_good_0893.jpg,10c5b91aa967ca44a1a576c8ecf0e8a127305be8c34e586d6e040bafda7789f4,true,mpi_pcb_gas_pump,top,U_AUTO_0030,synthetic_auto,ic,938.986267,1042.784332,671.614502,960.505981,1203.974731,1119.674194,,,19,30,0.633333,1.000000,9.064193,0.745166,NEEDS_REVIEW,NEEDS_REVIEW,synthetic_auto_designator;rotation_not_estimated;footprint_unknown;selected_golden_presence_not_identity_verification;low_support,"{""ic"": 19}","[""mpi_pcb_train_good_0040.jpg"", ""mpi_pcb_train_good_0062.jpg"", ""mpi_pcb_train_good_0189.jpg"", ""mpi_pcb_train_good_0309.jpg"", ""mpi_pcb_train_good_0359.jpg"", ""mpi_pcb_train_good_0418.jpg"", ""mpi_pcb_train_good_0465.jpg"", ""mpi_pcb_train_good_0522.jpg"", ""mpi_pcb_train_good_0605.jpg"", ""mpi_pcb_train_good_0629.jpg"", ""mpi_pcb_train_good_0812.jpg"", ""mpi_pcb_train_good_0893.jpg"", ""mpi_pcb_train_good_1000.jpg"", ""mpi_pcb_train_good_1163.jpg"", ""mpi_pcb_train_good_1195.jpg"", ""mpi_pcb_train_good_1386.jpg"", ""mpi_pcb_train_good_1418.jpg"", ""mpi_pcb_train_good_1505.jpg"", ""mpi_pcb_train_good_1553.jpg""]"
aoi-pnp-pixels-review-draft/1.0,NEEDS_REVIEW,golden_board_pixels,median_consensus_cluster_with_selected_golden_observation,mpi_pcb_train_good_0893.jpg,10c5b91aa967ca44a1a576c8ecf0e8a127305be8c34e586d6e040bafda7789f4,true,mpi_pcb_gas_pump,top,C_AUTO_0024,synthetic_auto,capacitor,1744.798706,1219.401001,1729.294434,1203.165527,1760.302979,1235.636475,,,1,30,0.033333,1.000000,0.000000,0.262628,NEEDS_REVIEW,NEEDS_REVIEW,synthetic_auto_designator;rotation_not_estimated;footprint_unknown;selected_golden_presence_not_identity_verification;low_support,"{""capacitor"": 1}","[""mpi_pcb_train_good_0893.jpg""]"
aoi-pnp-pixels-review-draft/1.0,NEEDS_REVIEW,golden_board_pixels,median_consensus_cluster_with_selected_golden_observation,mpi_pcb_train_good_0893.jpg,10c5b91aa967ca44a1a576c8ecf0e8a127305be8c34e586d6e040bafda7789f4,true,mpi_pcb_gas_pump,top,U_AUTO_0037,synthetic_auto,ic,3041.934753,1310.225006,2855.541016,1231.622131,3230.531616,1389.031982,,,20,30,0.666667,1.000000,11.930214,0.804636,NEEDS_REVIEW,NEEDS_REVIEW,synthetic_auto_designator;rotation_not_estimated;footprint_unknown;selected_golden_presence_not_identity_verification;low_support,"{""ic"": 20}","[""mpi_pcb_train_good_0123.jpg"", ""mpi_pcb_train_good_0189.jpg"", ""mpi_pcb_train_good_0309.jpg"", ""mpi_pcb_train_good_0418.jpg"", ""mpi_pcb_train_good_0522.jpg"", ""mpi_pcb_train_good_0629.jpg"", ""mpi_pcb_train_good_0676.jpg"", ""mpi_pcb_train_good_0812.jpg"", ""mpi_pcb_train_good_0893.jpg"", ""mpi_pcb_train_good_1000.jpg"", ""mpi_pcb_train_good_1090.jpg"", ""mpi_pcb_train_good_1163.jpg"", ""mpi_pcb_train_good_1195.jpg"", ""mpi_pcb_train_good_1287.jpg"", ""mpi_pcb_train_good_1322.jpg"", ""mpi_pcb_train_good_1386.jpg"", ""mpi_pcb_train_good_1505.jpg"", ""mpi_pcb_train_good_1553.jpg"", ""mpi_pcb_train_good_1584.jpg"", ""mpi_pcb_train_good_1664.jpg""]"
aoi-pnp-pixels-review-draft/1.0,NEEDS_REVIEW,golden_board_pixels,median_consensus_cluster_with_selected_golden_observation,mpi_pcb_train_good_0893.jpg,10c5b91aa967ca44a1a576c8ecf0e8a127305be8c34e586d6e040bafda7789f4,true,mpi_pcb_gas_pump,top,LED_AUTO_0003,synthetic_auto,led,3416.677979,1329.194336,3363.869385,1278.006836,3468.758057,1378.316162,,,5,30,0.166667,1.000000,6.002319,0.461068,NEEDS_REVIEW,NEEDS_REVIEW,synthetic_auto_designator;rotation_not_estimated;footprint_unknown;selected_golden_presence_not_identity_verification;low_support,"{""led"": 5}","[""mpi_pcb_train_good_0893.jpg"", ""mpi_pcb_train_good_1090.jpg"", ""mpi_pcb_train_good_1386.jpg"", ""mpi_pcb_train_good_1505.jpg"", ""mpi_pcb_train_good_1553.jpg""]"
aoi-pnp-pixels-review-draft/1.0,NEEDS_REVIEW,golden_board_pixels,median_consensus_cluster_with_selected_golden_observation,mpi_pcb_train_good_0893.jpg,10c5b91aa967ca44a1a576c8ecf0e8a127305be8c34e586d6e040bafda7789f4,true,mpi_pcb_gas_pump,top,U_AUTO_0042,synthetic_auto,ic,1085.868423,1339.127594,580.053528,1199.432617,1594.035828,1478.009583,,,18,30,0.600000,1.000000,8.400558,0.743689,NEEDS_REVIEW,NEEDS_REVIEW,synthetic_auto_designator;rotation_not_estimated;footprint_unknown;selected_golden_presence_not_identity_verification;low_support,"{""ic"": 18}","[""mpi_pcb_train_good_0040.jpg"", ""mpi_pcb_train_good_0123.jpg"", ""mpi_pcb_train_good_0245.jpg"", ""mpi_pcb_train_good_0359.jpg"", ""mpi_pcb_train_good_0522.jpg"", ""mpi_pcb_train_good_0605.jpg"", ""mpi_pcb_train_good_0629.jpg"", ""mpi_pcb_train_good_0812.jpg"", ""mpi_pcb_train_good_0893.jpg"", ""mpi_pcb_train_good_1000.jpg"", ""mpi_pcb_train_good_1163.jpg"", ""mpi_pcb_train_good_1195.jpg"", ""mpi_pcb_train_good_1386.jpg"", ""mpi_pcb_train_good_1418.jpg"", ""mpi_pcb_train_good_1505.jpg"", ""mpi_pcb_train_good_1553.jpg"", ""mpi_pcb_train_good_1584.jpg"", ""mpi_pcb_train_good_1664.jpg""]"
aoi-pnp-pixels-review-draft/1.0,NEEDS_REVIEW,golden_board_pixels,median_consensus_cluster_with_selected_golden_observation,mpi_pcb_train_good_0893.jpg,10c5b91aa967ca44a1a576c8ecf0e8a127305be8c34e586d6e040bafda7789f4,true,mpi_pcb_gas_pump,top,U_AUTO_0044,synthetic_auto,ic,2327.708374,1342.139221,1957.163086,1200.407471,2700.553467,1485.957031,,,25,30,0.833333,1.000000,10.763319,0.739353,CONSENSUS,NEEDS_REVIEW,synthetic_auto_designator;rotation_not_estimated;footprint_unknown;selected_golden_presence_not_identity_verification,"{""ic"": 25}","[""mpi_pcb_train_good_0040.jpg"", ""mpi_pcb_train_good_0062.jpg"", ""mpi_pcb_train_good_0123.jpg"", ""mpi_pcb_train_good_0189.jpg"", ""mpi_pcb_train_good_0245.jpg"", ""mpi_pcb_train_good_0309.jpg"", ""mpi_pcb_train_good_0359.jpg"", ""mpi_pcb_train_good_0418.jpg"", ""mpi_pcb_train_good_0465.jpg"", ""mpi_pcb_train_good_0522.jpg"", ""mpi_pcb_train_good_0605.jpg"", ""mpi_pcb_train_good_0629.jpg"", ""mpi_pcb_train_good_0893.jpg"", ""mpi_pcb_train_good_1000.jpg"", ""mpi_pcb_train_good_1060.jpg"", ""mpi_pcb_train_good_1163.jpg"", ""mpi_pcb_train_good_1195.jpg"", ""mpi_pcb_train_good_1287.jpg"", ""mpi_pcb_train_good_1322.jpg"", ""mpi_pcb_train_good_1386.jpg"", ""mpi_pcb_train_good_1418.jpg"", ""mpi_pcb_train_good_1505.jpg"", ""mpi_pcb_train_good_1553.jpg"", ""mpi_pcb_train_good_1584.jpg"", ""mpi_pcb_train_good_1664.jpg""]"
aoi-pnp-pixels-review-draft/1.0,NEEDS_REVIEW,golden_board_pixels,median_consensus_cluster_with_selected_golden_observation,mpi_pcb_train_good_0893.jpg,10c5b91aa967ca44a1a576c8ecf0e8a127305be8c34e586d6e040bafda7789f4,true,mpi_pcb_gas_pump,top,U_AUTO_0048,synthetic_auto,ic,3028.240845,1592.415161,2835.984863,1526.786621,3221.183350,1659.432007,,,9,30,0.300000,1.000000,10.928031,0.764186,NEEDS_REVIEW,NEEDS_REVIEW,synthetic_auto_designator;rotation_not_estimated;footprint_unknown;selected_golden_presence_not_identity_verification;low_support,"{""ic"": 9}","[""mpi_pcb_train_good_0040.jpg"", ""mpi_pcb_train_good_0062.jpg"", ""mpi_pcb_train_good_0245.jpg"", ""mpi_pcb_train_good_0465.jpg"", ""mpi_pcb_train_good_0605.jpg"", ""mpi_pcb_train_good_0893.jpg"", ""mpi_pcb_train_good_1060.jpg"", ""mpi_pcb_train_good_1386.jpg"", ""mpi_pcb_train_good_1553.jpg""]"
aoi-pnp-pixels-review-draft/1.0,NEEDS_REVIEW,golden_board_pixels,median_consensus_cluster_with_selected_golden_observation,mpi_pcb_train_good_0893.jpg,10c5b91aa967ca44a1a576c8ecf0e8a127305be8c34e586d6e040bafda7789f4,true,mpi_pcb_gas_pump,top,U_AUTO_0057,synthetic_auto,ic,2191.293793,1701.232361,1678.564392,1547.601379,2700.286011,1853.794495,,,8,30,0.266667,1.000000,5.754394,0.734837,NEEDS_REVIEW,NEEDS_REVIEW,synthetic_auto_designator;rotation_not_estimated;footprint_unknown;selected_golden_presence_not_identity_verification;low_support,"{""ic"": 8}","[""mpi_pcb_train_good_0245.jpg"", ""mpi_pcb_train_good_0676.jpg"", ""mpi_pcb_train_good_0781.jpg"", ""mpi_pcb_train_good_0893.jpg"", ""mpi_pcb_train_good_0937.jpg"", ""mpi_pcb_train_good_1090.jpg"", ""mpi_pcb_train_good_1386.jpg"", ""mpi_pcb_train_good_1584.jpg""]"
aoi-pnp-pixels-review-draft/1.0,NEEDS_REVIEW,golden_board_pixels,median_consensus_cluster_with_selected_golden_observation,mpi_pcb_train_good_0893.jpg,10c5b91aa967ca44a1a576c8ecf0e8a127305be8c34e586d6e040bafda7789f4,true,mpi_pcb_gas_pump,top,U_AUTO_0060,synthetic_auto,ic,1179.911636,1708.856750,783.298920,1536.104431,1576.524353,1881.609070,,,2,30,0.066667,1.000000,10.055111,0.691448,NEEDS_REVIEW,NEEDS_REVIEW,synthetic_auto_designator;rotation_not_estimated;footprint_unknown;selected_golden_presence_not_identity_verification;low_support,"{""ic"": 2}","[""mpi_pcb_train_good_0605.jpg"", ""mpi_pcb_train_good_0893.jpg""]"
aoi-pnp-pixels-review-draft/1.0,NEEDS_REVIEW,golden_board_pixels,median_consensus_cluster_with_selected_golden_observation,mpi_pcb_train_good_0893.jpg,10c5b91aa967ca44a1a576c8ecf0e8a127305be8c34e586d6e040bafda7789f4,true,mpi_pcb_gas_pump,top,U_AUTO_0069,synthetic_auto,ic,3044.956543,1858.857788,2851.654785,1788.159912,3240.201294,1933.206604,,,16,30,0.533333,1.000000,6.644387,0.812071,NEEDS_REVIEW,NEEDS_REVIEW,synthetic_auto_designator;rotation_not_estimated;footprint_unknown;selected_golden_presence_not_identity_verification;low_support,"{""ic"": 16}","[""mpi_pcb_train_good_0123.jpg"", ""mpi_pcb_train_good_0309.jpg"", ""mpi_pcb_train_good_0418.jpg"", ""mpi_pcb_train_good_0522.jpg"", ""mpi_pcb_train_good_0629.jpg"", ""mpi_pcb_train_good_0676.jpg"", ""mpi_pcb_train_good_0781.jpg"", ""mpi_pcb_train_good_0812.jpg"", ""mpi_pcb_train_good_0893.jpg"", ""mpi_pcb_train_good_0937.jpg"", ""mpi_pcb_train_good_1000.jpg"", ""mpi_pcb_train_good_1090.jpg"", ""mpi_pcb_train_good_1287.jpg"", ""mpi_pcb_train_good_1386.jpg"", ""mpi_pcb_train_good_1505.jpg"", ""mpi_pcb_train_good_1584.jpg""]"
aoi-pnp-pixels-review-draft/1.0,NEEDS_REVIEW,golden_board_pixels,median_consensus_cluster_with_selected_golden_observation,mpi_pcb_train_good_0893.jpg,10c5b91aa967ca44a1a576c8ecf0e8a127305be8c34e586d6e040bafda7789f4,true,mpi_pcb_gas_pump,top,U_AUTO_0073,synthetic_auto,ic,2360.530884,2007.390869,2163.531494,1937.654541,2556.298096,2077.717285,,,25,30,0.833333,1.000000,10.230765,0.789618,CONSENSUS,NEEDS_REVIEW,synthetic_auto_designator;rotation_not_estimated;footprint_unknown;selected_golden_presence_not_identity_verification,"{""ic"": 25}","[""mpi_pcb_train_good_0040.jpg"", ""mpi_pcb_train_good_0062.jpg"", ""mpi_pcb_train_good_0123.jpg"", ""mpi_pcb_train_good_0189.jpg"", ""mpi_pcb_train_good_0309.jpg"", ""mpi_pcb_train_good_0359.jpg"", ""mpi_pcb_train_good_0418.jpg"", ""mpi_pcb_train_good_0465.jpg"", ""mpi_pcb_train_good_0522.jpg"", ""mpi_pcb_train_good_0605.jpg"", ""mpi_pcb_train_good_0629.jpg"", ""mpi_pcb_train_good_0676.jpg"", ""mpi_pcb_train_good_0812.jpg"", ""mpi_pcb_train_good_0893.jpg"", ""mpi_pcb_train_good_0937.jpg"", ""mpi_pcb_train_good_1000.jpg"", ""mpi_pcb_train_good_1060.jpg"", ""mpi_pcb_train_good_1090.jpg"", ""mpi_pcb_train_good_1195.jpg"", ""mpi_pcb_train_good_1287.jpg"", ""mpi_pcb_train_good_1386.jpg"", ""mpi_pcb_train_good_1505.jpg"", ""mpi_pcb_train_good_1553.jpg"", ""mpi_pcb_train_good_1584.jpg"", ""mpi_pcb_train_good_1664.jpg""]"
aoi-pnp-pixels-review-draft/1.0,NEEDS_REVIEW,golden_board_pixels,median_consensus_cluster_with_selected_golden_observation,mpi_pcb_train_good_0893.jpg,10c5b91aa967ca44a1a576c8ecf0e8a127305be8c34e586d6e040bafda7789f4,true,mpi_pcb_gas_pump,top,U_AUTO_0074,synthetic_auto,ic,1880.687012,2010.261475,1694.565186,1936.581909,2068.728394,2084.420898,,,20,30,0.666667,1.000000,8.562245,0.827676,NEEDS_REVIEW,NEEDS_REVIEW,synthetic_auto_designator;rotation_not_estimated;footprint_unknown;selected_golden_presence_not_identity_verification;low_support,"{""ic"": 20}","[""mpi_pcb_train_good_0123.jpg"", ""mpi_pcb_train_good_0189.jpg"", ""mpi_pcb_train_good_0309.jpg"", ""mpi_pcb_train_good_0359.jpg"", ""mpi_pcb_train_good_0418.jpg"", ""mpi_pcb_train_good_0465.jpg"", ""mpi_pcb_train_good_0522.jpg"", ""mpi_pcb_train_good_0605.jpg"", ""mpi_pcb_train_good_0629.jpg"", ""mpi_pcb_train_good_0676.jpg"", ""mpi_pcb_train_good_0781.jpg"", ""mpi_pcb_train_good_0812.jpg"", ""mpi_pcb_train_good_0893.jpg"", ""mpi_pcb_train_good_1000.jpg"", ""mpi_pcb_train_good_1195.jpg"", ""mpi_pcb_train_good_1287.jpg"", ""mpi_pcb_train_good_1386.jpg"", ""mpi_pcb_train_good_1505.jpg"", ""mpi_pcb_train_good_1553.jpg"", ""mpi_pcb_train_good_1584.jpg""]"
aoi-pnp-pixels-review-draft/1.0,NEEDS_REVIEW,golden_board_pixels,median_consensus_cluster_with_selected_golden_observation,mpi_pcb_train_good_0893.jpg,10c5b91aa967ca44a1a576c8ecf0e8a127305be8c34e586d6e040bafda7789f4,true,mpi_pcb_gas_pump,top,U_AUTO_0082,synthetic_auto,ic,1145.849075,2096.622742,821.395905,1954.379272,1470.302246,2238.866211,,,2,30,0.066667,1.000000,9.959609,0.568802,NEEDS_REVIEW,NEEDS_REVIEW,synthetic_auto_designator;rotation_not_estimated;footprint_unknown;selected_golden_presence_not_identity_verification;low_support,"{""ic"": 2}","[""mpi_pcb_train_good_0893.jpg"", ""mpi_pcb_train_good_1664.jpg""]"
aoi-pnp-pixels-review-draft/1.0,NEEDS_REVIEW,golden_board_pixels,median_consensus_cluster_with_selected_golden_observation,mpi_pcb_train_good_0893.jpg,10c5b91aa967ca44a1a576c8ecf0e8a127305be8c34e586d6e040bafda7789f4,true,mpi_pcb_gas_pump,top,LED_AUTO_0012,synthetic_auto,led,3011.505981,2363.958984,2974.340332,2323.615723,3049.748047,2404.492920,,,11,30,0.366667,1.000000,8.393495,0.447253,NEEDS_REVIEW,NEEDS_REVIEW,synthetic_auto_designator;rotation_not_estimated;footprint_unknown;selected_golden_presence_not_identity_verification;low_support,"{""led"": 11}","[""mpi_pcb_train_good_0040.jpg"", ""mpi_pcb_train_good_0062.jpg"", ""mpi_pcb_train_good_0893.jpg"", ""mpi_pcb_train_good_1000.jpg"", ""mpi_pcb_train_good_1090.jpg"", ""mpi_pcb_train_good_1386.jpg"", ""mpi_pcb_train_good_1418.jpg"", ""mpi_pcb_train_good_1505.jpg"", ""mpi_pcb_train_good_1553.jpg"", ""mpi_pcb_train_good_1584.jpg"", ""mpi_pcb_train_good_1664.jpg""]"
aoi-pnp-pixels-review-draft/1.0,NEEDS_REVIEW,golden_board_pixels,median_consensus_cluster_with_selected_golden_observation,mpi_pcb_train_good_0893.jpg,10c5b91aa967ca44a1a576c8ecf0e8a127305be8c34e586d6e040bafda7789f4,true,mpi_pcb_gas_pump,top,LED_AUTO_0013,synthetic_auto,led,3160.931519,2371.074341,3122.385498,2333.226074,3202.603027,2408.318359,,,25,30,0.833333,1.000000,10.697998,0.549355,CONSENSUS,NEEDS_REVIEW,synthetic_auto_designator;rotation_not_estimated;footprint_unknown;selected_golden_presence_not_identity_verification,"{""led"": 25}","[""mpi_pcb_train_good_0040.jpg"", ""mpi_pcb_train_good_0062.jpg"", ""mpi_pcb_train_good_0123.jpg"", ""mpi_pcb_train_good_0189.jpg"", ""mpi_pcb_train_good_0245.jpg"", ""mpi_pcb_train_good_0309.jpg"", ""mpi_pcb_train_good_0359.jpg"", ""mpi_pcb_train_good_0418.jpg"", ""mpi_pcb_train_good_0522.jpg"", ""mpi_pcb_train_good_0605.jpg"", ""mpi_pcb_train_good_0676.jpg"", ""mpi_pcb_train_good_0812.jpg"", ""mpi_pcb_train_good_0893.jpg"", ""mpi_pcb_train_good_1000.jpg"", ""mpi_pcb_train_good_1060.jpg"", ""mpi_pcb_train_good_1090.jpg"", ""mpi_pcb_train_good_1163.jpg"", ""mpi_pcb_train_good_1195.jpg"", ""mpi_pcb_train_good_1322.jpg"", ""mpi_pcb_train_good_1386.jpg"", ""mpi_pcb_train_good_1418.jpg"", ""mpi_pcb_train_good_1505.jpg"", ""mpi_pcb_train_good_1553.jpg"", ""mpi_pcb_train_good_1584.jpg"", ""mpi_pcb_train_good_1664.jpg""]"
aoi-pnp-pixels-review-draft/1.0,NEEDS_REVIEW,golden_board_pixels,median_consensus_cluster_with_selected_golden_observation,mpi_pcb_train_good_0893.jpg,10c5b91aa967ca44a1a576c8ecf0e8a127305be8c34e586d6e040bafda7789f4,true,mpi_pcb_gas_pump,top,LED_AUTO_0014,synthetic_auto,led,2868.471680,2375.827271,2827.565674,2333.276611,2907.493164,2418.030518,,,25,30,0.833333,1.000000,7.665369,0.701226,CONSENSUS,NEEDS_REVIEW,synthetic_auto_designator;rotation_not_estimated;footprint_unknown;selected_golden_presence_not_identity_verification,"{""led"": 25}","[""mpi_pcb_train_good_0040.jpg"", ""mpi_pcb_train_good_0062.jpg"", ""mpi_pcb_train_good_0123.jpg"", ""mpi_pcb_train_good_0189.jpg"", ""mpi_pcb_train_good_0245.jpg"", ""mpi_pcb_train_good_0309.jpg"", ""mpi_pcb_train_good_0359.jpg"", ""mpi_pcb_train_good_0418.jpg"", ""mpi_pcb_train_good_0522.jpg"", ""mpi_pcb_train_good_0605.jpg"", ""mpi_pcb_train_good_0629.jpg"", ""mpi_pcb_train_good_0676.jpg"", ""mpi_pcb_train_good_0812.jpg"", ""mpi_pcb_train_good_0893.jpg"", ""mpi_pcb_train_good_1000.jpg"", ""mpi_pcb_train_good_1060.jpg"", ""mpi_pcb_train_good_1090.jpg"", ""mpi_pcb_train_good_1195.jpg"", ""mpi_pcb_train_good_1287.jpg"", ""mpi_pcb_train_good_1386.jpg"", ""mpi_pcb_train_good_1418.jpg"", ""mpi_pcb_train_good_1505.jpg"", ""mpi_pcb_train_good_1553.jpg"", ""mpi_pcb_train_good_1584.jpg"", ""mpi_pcb_train_good_1664.jpg""]"
aoi-pnp-pixels-review-draft/1.0,NEEDS_REVIEW,golden_board_pixels,median_consensus_cluster_with_selected_golden_observation,mpi_pcb_train_good_0893.jpg,10c5b91aa967ca44a1a576c8ecf0e8a127305be8c34e586d6e040bafda7789f4,true,mpi_pcb_gas_pump,top,U_AUTO_0099,synthetic_auto,ic,2340.929688,2533.700684,2153.244751,2466.322388,2530.640747,2604.201294,,,14,30,0.466667,1.000000,6.874662,0.860460,NEEDS_REVIEW,NEEDS_REVIEW,synthetic_auto_designator;rotation_not_estimated;footprint_unknown;selected_golden_presence_not_identity_verification;low_support,"{""ic"": 14}","[""mpi_pcb_train_good_0123.jpg"", ""mpi_pcb_train_good_0189.jpg"", ""mpi_pcb_train_good_0309.jpg"", ""mpi_pcb_train_good_0359.jpg"", ""mpi_pcb_train_good_0418.jpg"", ""mpi_pcb_train_good_0522.jpg"", ""mpi_pcb_train_good_0676.jpg"", ""mpi_pcb_train_good_0812.jpg"", ""mpi_pcb_train_good_0893.jpg"", ""mpi_pcb_train_good_1000.jpg"", ""mpi_pcb_train_good_1195.jpg"", ""mpi_pcb_train_good_1386.jpg"", ""mpi_pcb_train_good_1418.jpg"", ""mpi_pcb_train_good_1553.jpg""]"
aoi-pnp-pixels-review-draft/1.0,NEEDS_REVIEW,golden_board_pixels,median_consensus_cluster_with_selected_golden_observation,mpi_pcb_train_good_0893.jpg,10c5b91aa967ca44a1a576c8ecf0e8a127305be8c34e586d6e040bafda7789f4,true,mpi_pcb_gas_pump,top,C_AUTO_0073,synthetic_auto,capacitor,817.692505,2536.492798,792.155457,2494.220215,843.229553,2578.765381,,,1,30,0.033333,1.000000,0.000000,0.258090,NEEDS_REVIEW,NEEDS_REVIEW,synthetic_auto_designator;rotation_not_estimated;footprint_unknown;selected_golden_presence_not_identity_verification;low_support,"{""capacitor"": 1}","[""mpi_pcb_train_good_0893.jpg""]"
aoi-pnp-pixels-review-draft/1.0,NEEDS_REVIEW,golden_board_pixels,median_consensus_cluster_with_selected_golden_observation,mpi_pcb_train_good_0893.jpg,10c5b91aa967ca44a1a576c8ecf0e8a127305be8c34e586d6e040bafda7789f4,true,mpi_pcb_gas_pump,top,U_AUTO_0105,synthetic_auto,ic,1527.297058,2550.854492,1436.510498,2484.551270,1620.130615,2617.119629,,,13,30,0.433333,1.000000,10.303419,0.752939,NEEDS_REVIEW,NEEDS_REVIEW,synthetic_auto_designator;rotation_not_estimated;footprint_unknown;selected_golden_presence_not_identity_verification;low_support,"{""ic"": 13}","[""mpi_pcb_train_good_0040.jpg"", ""mpi_pcb_train_good_0062.jpg"", ""mpi_pcb_train_good_0245.jpg"", ""mpi_pcb_train_good_0465.jpg"", ""mpi_pcb_train_good_0605.jpg"", ""mpi_pcb_train_good_0676.jpg"", ""mpi_pcb_train_good_0893.jpg"", ""mpi_pcb_train_good_1060.jpg"", ""mpi_pcb_train_good_1090.jpg"", ""mpi_pcb_train_good_1287.jpg"", ""mpi_pcb_train_good_1386.jpg"", ""mpi_pcb_train_good_1584.jpg"", ""mpi_pcb_train_good_1664.jpg""]"
aoi-pnp-pixels-review-draft/1.0,NEEDS_REVIEW,golden_board_pixels,median_consensus_cluster_with_selected_golden_observation,mpi_pcb_train_good_0893.jpg,10c5b91aa967ca44a1a576c8ecf0e8a127305be8c34e586d6e040bafda7789f4,true,mpi_pcb_gas_pump,top,U_AUTO_0106,synthetic_auto,ic,576.266327,2550.873596,482.607651,2485.155029,667.222473,2617.003662,,,18,30,0.600000,1.000000,11.048876,0.801015,NEEDS_REVIEW,NEEDS_REVIEW,synthetic_auto_designator;rotation_not_estimated;footprint_unknown;selected_golden_presence_not_identity_verification;low_support,"{""ic"": 18}","[""mpi_pcb_train_good_0040.jpg"", ""mpi_pcb_train_good_0123.jpg"", ""mpi_pcb_train_good_0189.jpg"", ""mpi_pcb_train_good_0309.jpg"", ""mpi_pcb_train_good_0359.jpg"", ""mpi_pcb_train_good_0418.jpg"", ""mpi_pcb_train_good_0465.jpg"", ""mpi_pcb_train_good_0522.jpg"", ""mpi_pcb_train_good_0605.jpg"", ""mpi_pcb_train_good_0629.jpg"", ""mpi_pcb_train_good_0812.jpg"", ""mpi_pcb_train_good_0893.jpg"", ""mpi_pcb_train_good_1000.jpg"", ""mpi_pcb_train_good_1195.jpg"", ""mpi_pcb_train_good_1386.jpg"", ""mpi_pcb_train_good_1418.jpg"", ""mpi_pcb_train_good_1505.jpg"", ""mpi_pcb_train_good_1553.jpg""]"
